{"cameraMode":{"drawMode":0,"name":"Shaded","section":"Shading Mode"},"sceneLighting":false,"audioPlay":false,"sceneViewState":{"showFog":true,"showMaterialUpdate":false,"showSkybox":false,"showFlares":true,"showImageEffects":true,"showParticleSystems":true},"in2DMode":false,"pivot":{"x":4.647331714630127,"y":0.6958937644958496,"z":-0.23559808731079102},"rotation":{"x":0.06478395313024521,"y":0.9198572635650635,"z":-0.3465617597103119,"w":0.1719522923231125},"size":2.2463972568511965,"orthographic":false}