{"cameraMode":{"drawMode":0,"name":"Shaded","section":"Shading Mode"},"sceneLighting":false,"audioPlay":false,"sceneViewState":{"showFog":true,"showMaterialUpdate":false,"showSkybox":false,"showFlares":true,"showImageEffects":true,"showParticleSystems":true},"in2DMode":false,"pivot":{"x":4.440000057220459,"y":0.2200000137090683,"z":-0.940000057220459},"rotation":{"x":-0.06497042626142502,"y":-0.8779195547103882,"z":0.12461348623037338,"w":-0.4577268660068512},"size":2.8578836917877199,"orthographic":true}